Timestamp,L_Toe,L_Forefoot,L_Heel,L_Knee,R_Toe,R_Forefoot,R_Heel,R_Knee
4033992,379.0,2248.0,1452.0,4095.0,2597.0,3161.0,3667.0,3322.0
4034091,371.0,2221.0,1451.0,4095.0,2584.0,3149.0,3683.0,3304.0
4034191,383.0,2213.0,1432.0,4095.0,2589.0,3183.0,3701.0,3409.0
4034291,397.0,2207.0,1439.0,4095.0,2592.0,3171.0,3721.0,3291.0
4034391,408.0,2259.0,1483.0,4095.0,2591.0,3132.0,3704.0,3255.0
4034491,423.0,2176.0,1430.0,4095.0,2607.0,3104.0,3750.0,3261.0
4034591,395.0,2172.0,1472.0,4095.0,2571.0,3103.0,3754.0,3236.0
4034691,404.0,2203.0,1447.0,4095.0,2583.0,3112.0,3759.0,3221.0
4034791,411.0,2207.0,1451.0,4095.0,2587.0,3131.0,3791.0,3175.0
4034891,427.0,2245.0,1477.0,4095.0,2621.0,3148.0,3821.0,3237.0
4034991,416.0,2232.0,1481.0,4095.0,2605.0,3120.0,3826.0,3195.0
4035091,430.0,2241.0,1479.0,4095.0,2603.0,3103.0,3819.0,3164.0
4035191,432.0,2241.0,1477.0,4095.0,2607.0,3131.0,3863.0,3183.0
4035291,431.0,2237.0,1479.0,4095.0,2619.0,3139.0,3859.0,3188.0
4035391,416.0,2200.0,1471.0,4095.0,2616.0,3125.0,3875.0,3198.0
4035491,431.0,2160.0,1451.0,4095.0,2631.0,3160.0,3848.0,3161.0
4035591,441.0,2187.0,1430.0,4095.0,2629.0,3166.0,3829.0,3147.0
4035691,440.0,2231.0,1453.0,4095.0,2605.0,3111.0,3883.0,3171.0
4035791,432.0,2234.0,1479.0,4095.0,2617.0,3102.0,3876.0,3215.0
4035891,445.0,2179.0,1426.0,4095.0,2607.0,3117.0,3865.0,3183.0
4035991,428.0,2200.0,1447.0,4095.0,2584.0,3118.0,3820.0,3145.0
4036091,435.0,2172.0,1424.0,4095.0,2619.0,3150.0,3863.0,3019.0
4036191,439.0,2191.0,1424.0,4095.0,2655.0,3159.0,3955.0,3027.0
4036291,456.0,2201.0,1433.0,4095.0,2697.0,3152.0,3981.0,2955.0
4036391,432.0,2184.0,1471.0,4095.0,2653.0,3156.0,3909.0,2909.0
4036491,444.0,2241.0,1487.0,4095.0,2588.0,3213.0,3807.0,2855.0
4036591,431.0,2175.0,1464.0,4095.0,2531.0,3210.0,3743.0,2830.0
4036691,471.0,2207.0,1467.0,4095.0,2505.0,3109.0,3615.0,2951.0
4036791,199.0,3210.0,3831.0,4095.0,2557.0,2780.0,3535.0,3886.0
4036891,6.0,3904.0,3491.0,4095.0,2558.0,2604.0,3519.0,4095.0
4036991,195.0,3339.0,2803.0,4095.0,2544.0,2621.0,3563.0,4086.0
4037091,376.0,2475.0,1723.0,4095.0,2549.0,2648.0,3611.0,3980.0
4037191,431.0,2507.0,1776.0,4095.0,2552.0,2652.0,3628.0,3948.0
4037291,399.0,2390.0,1690.0,4095.0,2607.0,2614.0,3669.0,3885.0
4037391,343.0,2390.0,1652.0,4095.0,2643.0,2640.0,3719.0,3691.0
4037491,295.0,2352.0,1564.0,4095.0,2761.0,2767.0,3876.0,3431.0
4037591,320.0,2407.0,1611.0,4095.0,2742.0,2744.0,3837.0,3132.0
4037691,331.0,2327.0,1568.0,4095.0,2707.0,2712.0,3790.0,3021.0
4037791,343.0,2336.0,1563.0,4095.0,2677.0,2733.0,3767.0,2443.0
4037891,377.0,2292.0,1560.0,4095.0,2682.0,2761.0,3801.0,2297.0
4037991,393.0,2347.0,1611.0,4095.0,2703.0,2794.0,3911.0,2123.0
4038091,384.0,2332.0,1607.0,4095.0,2717.0,2803.0,3903.0,1983.0
4038191,417.0,2296.0,1555.0,4095.0,2696.0,2759.0,3864.0,1916.0
4038291,459.0,2273.0,1556.0,4095.0,2725.0,2799.0,3913.0,1859.0
4038391,451.0,2255.0,1547.0,4095.0,2747.0,2822.0,3947.0,1875.0
4038491,435.0,2285.0,1571.0,4095.0,2707.0,2788.0,3884.0,1761.0
4038591,426.0,2315.0,1567.0,4095.0,2739.0,2816.0,3921.0,1721.0
4038691,419.0,2261.0,1547.0,4095.0,2671.0,2793.0,3561.0,1679.0
4038791,431.0,2299.0,1559.0,4095.0,2735.0,2851.0,3933.0,1646.0
4038891,448.0,2265.0,1523.0,4095.0,2694.0,2796.0,3871.0,1623.0
4038991,453.0,2267.0,1519.0,4095.0,2686.0,2794.0,3876.0,1619.0
4039091,440.0,2263.0,1523.0,4095.0,2684.0,2793.0,3875.0,1595.0
4039191,432.0,2256.0,1532.0,4095.0,2735.0,2848.0,3939.0,1580.0
4039291,448.0,2291.0,1539.0,4095.0,2727.0,2863.0,3959.0,1527.0
4039391,427.0,2216.0,1514.0,4095.0,2737.0,2870.0,3965.0,1553.0
4039491,433.0,2224.0,1520.0,4095.0,2729.0,2859.0,3957.0,1548.0
4039591,422.0,2232.0,1548.0,4095.0,2693.0,2989.0,3963.0,1533.0
4039691,443.0,2297.0,1559.0,4095.0,2712.0,3020.0,4013.0,1554.0
4039791,447.0,2255.0,1505.0,4095.0,2685.0,3007.0,3960.0,1551.0
4039891,423.0,2262.0,1527.0,4095.0,2696.0,2958.0,3974.0,1543.0
4039991,409.0,2264.0,1541.0,4095.0,2665.0,2892.0,3901.0,1607.0
4040091,348.0,2269.0,1558.0,4095.0,2664.0,2901.0,3871.0,1779.0
4040191,360.0,2296.0,1564.0,4095.0,2713.0,2917.0,3924.0,1787.0
4040291,352.0,2240.0,1557.0,4095.0,2745.0,2950.0,3945.0,1886.0
4040391,367.0,2297.0,1544.0,4095.0,2708.0,2904.0,3910.0,1929.0
4040491,421.0,2299.0,1553.0,4095.0,2703.0,2905.0,3899.0,1932.0
4040591,418.0,2252.0,1547.0,4095.0,2709.0,2908.0,3913.0,1929.0
4040691,428.0,2236.0,1543.0,4095.0,2705.0,2895.0,3901.0,1915.0
4040791,428.0,2208.0,1520.0,4095.0,2664.0,2895.0,3868.0,1907.0
4040891,428.0,2208.0,1545.0,4095.0,2647.0,2870.0,3839.0,1928.0
4040991,437.0,2252.0,1523.0,4095.0,2679.0,2779.0,3861.0,1929.0
4041091,437.0,2246.0,1519.0,4095.0,2669.0,2761.0,3823.0,1893.0
4041191,448.0,2267.0,1555.0,4095.0,2671.0,2782.0,3849.0,1904.0
4041291,471.0,2240.0,1530.0,4095.0,2669.0,2739.0,3827.0,1875.0
4041391,471.0,2228.0,1568.0,4095.0,2769.0,2952.0,4029.0,1907.0
4041491,508.0,2320.0,1631.0,4095.0,2765.0,2935.0,4009.0,1911.0
4041591,505.0,2236.0,1566.0,4095.0,2763.0,2840.0,3977.0,1911.0
4041691,519.0,2255.0,1580.0,4095.0,2709.0,2782.0,3903.0,1839.0
4041791,512.0,2283.0,1595.0,4095.0,2741.0,2807.0,3951.0,1851.0
4041891,490.0,2208.0,1568.0,4095.0,2702.0,2824.0,3911.0,1887.0
4042141,501.0,2230.0,1545.0,4095.0,2840.0,2939.0,4052.0,1791.0
4042241,503.0,2222.0,1543.0,4095.0,2809.0,2908.0,4024.0,1772.0
4042491,502.0,2220.0,1545.0,4095.0,2847.0,2941.0,4059.0,1755.0
4042591,503.0,2213.0,1521.0,4095.0,2840.0,3001.0,4059.0,1769.0
4042691,508.0,2168.0,1547.0,4095.0,2835.0,3083.0,4095.0,1801.0
4042791,527.0,2211.0,1519.0,4095.0,2780.0,3037.0,4029.0,1804.0
4042891,522.0,2243.0,1537.0,4095.0,2823.0,3081.0,4089.0,1849.0
4042991,522.0,2224.0,1551.0,4095.0,2877.0,3144.0,4095.0,1797.0
4043091,504.0,2158.0,1526.0,4095.0,2855.0,3115.0,4095.0,1799.0
4043191,511.0,2197.0,1515.0,4095.0,2842.0,3115.0,4088.0,1899.0
4043291,529.0,2189.0,1519.0,4095.0,2828.0,3109.0,4091.0,1883.0
4043391,508.0,2152.0,1528.0,4095.0,2859.0,3136.0,4095.0,1907.0
4043491,537.0,2193.0,1500.0,4095.0,2809.0,3134.0,4045.0,1867.0
4043591,496.0,2144.0,1531.0,4095.0,2835.0,3127.0,4075.0,1879.0
4043691,519.0,2189.0,1523.0,4095.0,2791.0,3087.0,4044.0,1880.0
4043791,523.0,2206.0,1551.0,4095.0,2851.0,3114.0,4095.0,1883.0
4043891,519.0,2186.0,1523.0,4095.0,2860.0,3100.0,4095.0,1902.0
4043991,526.0,2204.0,1555.0,4095.0,2924.0,3123.0,4095.0,1981.0
4044091,524.0,2224.0,1555.0,4095.0,2923.0,2974.0,4095.0,2025.0
4044191,507.0,2190.0,1523.0,4095.0,2904.0,2961.0,4078.0,2087.0
4044291,496.0,2188.0,1549.0,4095.0,2876.0,2931.0,4060.0,2093.0
4044391,507.0,2195.0,1523.0,4095.0,2861.0,2933.0,4053.0,2085.0
4044491,517.0,2195.0,1519.0,4095.0,2861.0,2968.0,4053.0,2081.0
4044591,491.0,2198.0,1553.0,4095.0,2835.0,3001.0,4042.0,2067.0
4044691,488.0,2166.0,1534.0,4095.0,2837.0,2938.0,4040.0,2084.0
4044791,431.0,2223.0,1525.0,4095.0,2799.0,2873.0,3981.0,2087.0
4044891,376.0,2208.0,1560.0,4095.0,2851.0,2910.0,4045.0,2097.0
4044991,367.0,2254.0,1527.0,4095.0,2807.0,2848.0,3965.0,2063.0
4045091,376.0,2280.0,1551.0,4095.0,2826.0,2872.0,3995.0,2089.0
4045191,373.0,2235.0,1518.0,4095.0,2759.0,2809.0,3918.0,2106.0
4045291,399.0,2231.0,1484.0,4095.0,2747.0,2795.0,3937.0,2145.0
4045391,416.0,2176.0,1548.0,4095.0,2771.0,2831.0,3959.0,2119.0
4045491,471.0,2201.0,1511.0,4095.0,2795.0,2835.0,3976.0,2103.0
4045591,483.0,2207.0,1511.0,4095.0,2776.0,2846.0,3981.0,2118.0
4045691,495.0,2230.0,1525.0,4095.0,2744.0,2809.0,3923.0,2084.0
4045791,476.0,2167.0,1517.0,4095.0,2768.0,2843.0,3945.0,2077.0
4045891,480.0,2157.0,1529.0,4095.0,2771.0,2842.0,3981.0,2133.0
4045991,480.0,2160.0,1520.0,4095.0,2781.0,2857.0,4010.0,2139.0
4046091,495.0,2172.0,1545.0,4095.0,2812.0,2859.0,4005.0,2119.0
4046191,508.0,2202.0,1505.0,4095.0,2751.0,2805.0,3931.0,2044.0
4046341,512.0,2191.0,1543.0,4095.0,2825.0,2897.0,4009.0,2088.0
4046441,496.0,2156.0,1541.0,4095.0,2859.0,2891.0,4045.0,2099.0
4046591,512.0,2208.0,1549.0,4095.0,2850.0,2877.0,4053.0,2093.0
4046691,508.0,2160.0,1545.0,4095.0,2841.0,2889.0,4044.0,2097.0
4046791,508.0,2229.0,1523.0,4095.0,2813.0,2869.0,4019.0,2223.0
4046891,502.0,2204.0,1545.0,4095.0,2778.0,2832.0,3976.0,2281.0
4046991,483.0,2172.0,1512.0,4095.0,2796.0,2847.0,3983.0,2348.0
4047091,502.0,2207.0,1543.0,4095.0,2788.0,2841.0,3985.0,2344.0
4047191,508.0,2208.0,1539.0,4095.0,2795.0,2845.0,3983.0,2395.0
4047291,523.0,2220.0,1527.0,4095.0,2783.0,2852.0,3995.0,2425.0
4047391,508.0,2187.0,1513.0,4095.0,2749.0,2808.0,3938.0,2321.0
4047491,507.0,2186.0,1493.0,4095.0,2740.0,2797.0,3917.0,2349.0
4047591,509.0,2184.0,1490.0,4095.0,2719.0,2815.0,3893.0,2303.0
4047691,512.0,2191.0,1515.0,4095.0,2760.0,2839.0,3963.0,2389.0
4047791,523.0,2219.0,1507.0,4095.0,2791.0,2845.0,3975.0,2462.0
4047891,523.0,2211.0,1467.0,4095.0,2791.0,2846.0,3987.0,2473.0
4047991,535.0,2197.0,1509.0,4095.0,2787.0,2841.0,3980.0,2462.0
4048091,535.0,2209.0,1491.0,4095.0,2781.0,2838.0,3965.0,2493.0
4048191,499.0,2171.0,1461.0,4095.0,2773.0,2840.0,3950.0,2451.0
4048291,489.0,2175.0,1547.0,4095.0,2664.0,2942.0,3903.0,2467.0
4048391,485.0,2231.0,1495.0,4095.0,2623.0,3046.0,3838.0,2435.0
4048491,495.0,2152.0,1520.0,4095.0,2617.0,3247.0,3837.0,2631.0
4048591,566.0,2220.0,1611.0,4095.0,2629.0,3197.0,3843.0,2545.0
4048691,992.0,2635.0,3421.0,4095.0,2651.0,2991.0,3859.0,2723.0
4048791,935.0,2536.0,3443.0,4095.0,2662.0,2635.0,3732.0,4095.0
4048891,0.0,4095.0,4095.0,3057.0,2556.0,2490.0,3626.0,4095.0
4048991,0.0,4095.0,4095.0,51.0,2488.0,2335.0,3451.0,4095.0
4049091,0.0,4095.0,4095.0,43.0,2473.0,2356.0,3461.0,4095.0
4049191,0.0,4095.0,4095.0,4095.0,2447.0,2363.0,3241.0,4095.0
4049291,0.0,4095.0,4095.0,1955.0,2415.0,2415.0,3411.0,4095.0
4049391,0.0,4095.0,4095.0,1091.0,2409.0,2425.0,3386.0,4095.0
4049491,0.0,4095.0,4095.0,4095.0,2413.0,2444.0,3257.0,4095.0
4049591,0.0,4095.0,4095.0,4095.0,2407.0,2443.0,3236.0,4095.0
4049691,0.0,4095.0,4095.0,4095.0,2410.0,2429.0,3227.0,4095.0
4049791,0.0,4095.0,4095.0,4095.0,2393.0,2411.0,3365.0,4095.0
4049891,0.0,3896.0,3554.0,4095.0,2423.0,2455.0,3129.0,4095.0
4049991,75.0,2937.0,2106.0,4095.0,2451.0,2483.0,3531.0,4095.0
4050091,163.0,2663.0,1799.0,4095.0,4095.0,4095.0,4095.0,4095.0
4050191,255.0,2645.0,1847.0,4095.0,4095.0,4095.0,4095.0,4095.0
4050291,311.0,2461.0,1675.0,4095.0,4095.0,4095.0,4095.0,4095.0
4050391,411.0,2351.0,1628.0,4095.0,4095.0,4095.0,4095.0,4095.0
4050491,447.0,2294.0,1543.0,4095.0,4095.0,4095.0,4095.0,4095.0
4050591,471.0,2287.0,1532.0,4095.0,4095.0,4095.0,4095.0,4095.0
4050691,460.0,2310.0,1545.0,4095.0,4095.0,4095.0,4095.0,4095.0
4050791,459.0,2292.0,1559.0,4095.0,4095.0,4095.0,4095.0,3257.0
4050891,455.0,2325.0,1593.0,4095.0,4095.0,4095.0,4095.0,1964.0
4050991,415.0,2347.0,1591.0,4095.0,4095.0,4095.0,4095.0,2067.0
4051091,405.0,2352.0,1587.0,4095.0,4095.0,4095.0,4095.0,3922.0
4051191,421.0,2416.0,1655.0,4095.0,4095.0,4095.0,4095.0,4095.0
4051291,457.0,2468.0,1763.0,4095.0,4095.0,4095.0,4095.0,4095.0
4051391,456.0,3079.0,2883.0,4095.0,4095.0,4095.0,4050.0,4095.0
4051491,378.0,3368.0,3931.0,4095.0,4095.0,3910.0,3985.0,4095.0
4051591,431.0,3318.0,3901.0,4095.0,2795.0,3862.0,4072.0,4095.0
4051691,650.0,2935.0,3655.0,4095.0,2537.0,3501.0,3901.0,4095.0
4051791,304.0,3300.0,3887.0,4095.0,2355.0,3077.0,3589.0,4095.0
4051891,0.0,4095.0,4095.0,57.0,2383.0,2783.0,3415.0,4095.0
4051991,0.0,4095.0,4095.0,4095.0,2345.0,2841.0,3343.0,4095.0
4052091,0.0,4095.0,4095.0,4095.0,2318.0,2839.0,3363.0,4095.0
4052191,0.0,4095.0,4095.0,1659.0,2339.0,2828.0,3379.0,4095.0
4052291,0.0,4095.0,4095.0,1152.0,2322.0,2824.0,3351.0,4095.0
4052391,0.0,4095.0,4095.0,4095.0,2309.0,2709.0,3247.0,4095.0
4052491,0.0,4095.0,4095.0,4095.0,2277.0,2787.0,3251.0,4095.0
4052591,0.0,4095.0,3872.0,4095.0,2393.0,2761.0,3415.0,4095.0
4052691,59.0,3319.0,2636.0,4095.0,2917.0,3191.0,4037.0,4095.0
4052791,244.0,3053.0,2384.0,4095.0,4095.0,4095.0,4095.0,4095.0
4052891,320.0,2700.0,2192.0,4095.0,4095.0,4095.0,4095.0,4095.0
4052991,367.0,2336.0,1836.0,4095.0,4095.0,4095.0,4095.0,4095.0
4053091,425.0,2295.0,1692.0,4095.0,4095.0,4095.0,4095.0,4095.0
4053191,458.0,2347.0,1751.0,4095.0,4095.0,4095.0,4095.0,4095.0
4053291,462.0,2336.0,1747.0,4095.0,4095.0,4095.0,4095.0,2769.0
4053391,425.0,2349.0,1722.0,4095.0,4095.0,4095.0,4095.0,1805.0
4053491,371.0,2352.0,1738.0,4095.0,4095.0,4095.0,4095.0,2231.0
4053591,410.0,2387.0,1751.0,4095.0,4095.0,4095.0,4095.0,3615.0
4053691,448.0,2432.0,1895.0,4095.0,4087.0,4095.0,4095.0,4095.0
4053791,488.0,2570.0,2155.0,4095.0,3784.0,4095.0,4095.0,4095.0
4053891,527.0,2515.0,2095.0,4095.0,3013.0,3961.0,4095.0,4095.0
4053991,576.0,2744.0,2520.0,4095.0,2861.0,3416.0,4095.0,4079.0
4054091,493.0,3233.0,3819.0,4095.0,3015.0,3237.0,4095.0,3927.0
4054191,457.0,3348.0,3929.0,4095.0,3033.0,3129.0,4095.0,4095.0
4054291,0.0,4095.0,4095.0,4095.0,2814.0,2866.0,4075.0,4095.0
4054391,0.0,4095.0,4095.0,85.0,2939.0,2873.0,3977.0,4095.0
4054491,0.0,4095.0,4095.0,3643.0,3551.0,3504.0,4095.0,4095.0
4054591,0.0,4095.0,4095.0,237.0,3800.0,3759.0,4095.0,4095.0
4054691,0.0,4095.0,4095.0,33.0,3723.0,3735.0,4095.0,4095.0
4054791,0.0,4095.0,4095.0,733.0,3576.0,3572.0,4095.0,4095.0
4054891,0.0,4095.0,4095.0,4084.0,3667.0,3675.0,4095.0,4095.0
4054991,78.0,3069.0,2296.0,4095.0,3893.0,3888.0,4095.0,4095.0
4055091,101.0,2726.0,1913.0,4095.0,4095.0,4095.0,4095.0,4095.0
4055191,281.0,2496.0,1935.0,87.0,4095.0,4095.0,4095.0,4095.0
4055291,509.0,2385.0,1867.0,47.0,4095.0,4095.0,4095.0,4095.0
4055641,732.0,2328.0,1920.0,505.0,4095.0,4095.0,4095.0,4095.0
4055991,811.0,2450.0,2093.0,4095.0,4095.0,4095.0,4095.0,1436.0
4056091,995.0,2903.0,2829.0,4095.0,4095.0,4095.0,4095.0,3199.0
4056191,847.0,2840.0,3658.0,4095.0,4095.0,4095.0,4095.0,3611.0
4056291,851.0,2901.0,3683.0,4095.0,3693.0,4095.0,4095.0,3721.0
4056391,857.0,2784.0,3668.0,4095.0,3213.0,3625.0,4095.0,4095.0
4056491,724.0,2782.0,3609.0,4095.0,2607.0,2979.0,4011.0,4095.0
4056591,28.0,3310.0,4013.0,4095.0,2428.0,2744.0,3802.0,4095.0
4056691,0.0,4095.0,4095.0,4095.0,2421.0,2752.0,3796.0,4095.0
4056791,0.0,4095.0,4095.0,4095.0,2404.0,2803.0,3744.0,4095.0
4056891,0.0,4095.0,4095.0,26.0,2366.0,2841.0,3739.0,4095.0
4056991,0.0,4095.0,4095.0,187.0,2323.0,2828.0,3707.0,4095.0
4057091,0.0,4095.0,4095.0,87.0,2361.0,2876.0,3757.0,4095.0
4057191,0.0,4095.0,4095.0,581.0,2455.0,2925.0,3872.0,4095.0
4057291,0.0,4095.0,4095.0,4080.0,2570.0,3003.0,3991.0,4095.0
4057391,0.0,4095.0,4095.0,4095.0,2843.0,3166.0,4095.0,4095.0
4057491,69.0,2967.0,2165.0,4095.0,3827.0,4009.0,4095.0,4095.0
4057591,87.0,2710.0,1903.0,4095.0,4095.0,4095.0,4095.0,4095.0
4057691,247.0,2277.0,1775.0,4095.0,4095.0,4095.0,4095.0,4095.0
4057791,362.0,2075.0,1623.0,4095.0,4095.0,4095.0,4095.0,4095.0
4057891,411.0,2025.0,1557.0,4095.0,4095.0,4095.0,4095.0,4095.0
4057991,453.0,1975.0,1573.0,4095.0,4095.0,4095.0,4095.0,4095.0
4058091,457.0,2015.0,1561.0,4095.0,4095.0,4095.0,4095.0,2893.0
4058191,490.0,1973.0,1566.0,4095.0,4095.0,4095.0,4095.0,949.0
4058291,559.0,2015.0,1649.0,4095.0,4095.0,4095.0,4095.0,832.0
4058391,655.0,2173.0,1877.0,4095.0,4095.0,4095.0,4095.0,814.0
4058491,727.0,2254.0,1967.0,4095.0,4095.0,4095.0,4095.0,1203.0
4058591,736.0,2240.0,1947.0,4095.0,4095.0,4095.0,4095.0,2761.0
4058691,720.0,2150.0,1871.0,4095.0,4095.0,4095.0,4095.0,4095.0
4058791,847.0,2392.0,2122.0,4095.0,3705.0,4095.0,4095.0,4095.0
4058891,855.0,2811.0,3512.0,4095.0,2975.0,3679.0,4095.0,4095.0
4058991,883.0,2720.0,3536.0,4095.0,2600.0,3321.0,4095.0,4095.0
4059091,711.0,2781.0,3564.0,4095.0,2464.0,2899.0,3574.0,4095.0
4059191,0.0,4095.0,4095.0,4095.0,2381.0,2775.0,3395.0,4095.0
4059291,0.0,4095.0,4095.0,4095.0,2335.0,2759.0,3305.0,4095.0
4059391,0.0,4095.0,4095.0,4095.0,2355.0,2752.0,3287.0,4095.0
4059491,0.0,4095.0,4095.0,1335.0,2344.0,2751.0,3323.0,4095.0
4059591,0.0,4095.0,4095.0,207.0,2337.0,2700.0,3672.0,4095.0
4059691,0.0,4095.0,4095.0,359.0,2345.0,2663.0,3721.0,4095.0
4059791,0.0,4095.0,4095.0,3143.0,2349.0,2633.0,3723.0,4095.0
4059891,0.0,4095.0,4095.0,4095.0,2353.0,2604.0,3727.0,4095.0
4059991,78.0,2867.0,2027.0,4095.0,2341.0,2595.0,3736.0,4095.0
4060091,81.0,2672.0,1896.0,4095.0,2920.0,3100.0,4095.0,4095.0
4060191,201.0,2194.0,1683.0,4095.0,4095.0,4095.0,4095.0,4095.0
4060291,306.0,2083.0,1568.0,4095.0,4095.0,4095.0,4095.0,4095.0
4060391,397.0,2021.0,1543.0,3783.0,4095.0,4095.0,4095.0,4095.0
4060491,415.0,2016.0,1551.0,4095.0,4095.0,4095.0,4095.0,4095.0
4060591,395.0,2029.0,1499.0,4095.0,4095.0,4095.0,4095.0,3035.0
4060691,418.0,2009.0,1515.0,4095.0,4095.0,4095.0,4095.0,979.0
4060791,471.0,2029.0,1510.0,4095.0,4095.0,4095.0,4095.0,895.0
4060891,512.0,1947.0,1557.0,4095.0,4095.0,4095.0,4095.0,1752.0
4060991,537.0,1973.0,1557.0,4095.0,4095.0,4095.0,4095.0,4040.0
4061091,567.0,2007.0,1537.0,4095.0,4053.0,4095.0,4095.0,4095.0
4061191,602.0,1994.0,1683.0,4095.0,4095.0,4095.0,4095.0,4095.0
4061291,832.0,2849.0,3631.0,4095.0,3103.0,3757.0,4083.0,4095.0
4061391,871.0,2808.0,3543.0,4095.0,2585.0,3475.0,3967.0,4095.0
4061491,631.0,2795.0,3585.0,835.0,2622.0,3149.0,2807.0,4095.0
4061591,0.0,4095.0,4095.0,55.0,2536.0,2939.0,2597.0,4095.0
4061691,0.0,4095.0,4095.0,4095.0,2541.0,2836.0,2541.0,4095.0
4061791,0.0,4095.0,4095.0,4095.0,2579.0,2899.0,2587.0,4095.0
4061891,0.0,4095.0,4095.0,1608.0,2549.0,2963.0,2556.0,4095.0
4061991,0.0,4095.0,4095.0,41.0,2495.0,2877.0,2508.0,4095.0
4062091,0.0,4095.0,4095.0,59.0,2577.0,2815.0,2589.0,4095.0
4062191,0.0,4095.0,4095.0,116.0,2586.0,2841.0,2603.0,4095.0
4062291,0.0,4095.0,4095.0,3746.0,2587.0,2846.0,2605.0,4095.0
4062391,0.0,4095.0,4095.0,4095.0,2542.0,2793.0,3513.0,4095.0
4062491,79.0,2864.0,2019.0,4095.0,4095.0,4095.0,4095.0,4095.0
4062591,96.0,2751.0,1899.0,4095.0,4095.0,4095.0,4095.0,4095.0
4062691,272.0,2524.0,1749.0,4095.0,4095.0,4095.0,4095.0,4095.0
4062791,366.0,2336.0,1670.0,4095.0,4095.0,4095.0,4095.0,4095.0
4062891,440.0,2265.0,1531.0,4095.0,4095.0,4095.0,4095.0,4095.0
4062991,471.0,2279.0,1499.0,4095.0,4095.0,4095.0,4095.0,4095.0
4063091,495.0,2255.0,1543.0,4095.0,4095.0,4095.0,4095.0,3405.0
4063191,515.0,2299.0,1540.0,4095.0,4095.0,4095.0,4095.0,1775.0
4063291,491.0,2299.0,1545.0,4095.0,4095.0,4095.0,4095.0,1337.0
4063391,489.0,2296.0,1537.0,4095.0,4095.0,4095.0,4095.0,1633.0
4063491,473.0,2279.0,1520.0,4095.0,4095.0,4095.0,4095.0,2941.0
4063591,530.0,2208.0,1559.0,4095.0,4095.0,4095.0,4095.0,4095.0
4063691,558.0,2292.0,1646.0,4095.0,3812.0,4095.0,4095.0,4095.0
4063791,609.0,3209.0,3863.0,4095.0,3029.0,3594.0,4095.0,4095.0
4063891,635.0,3080.0,3708.0,4095.0,2643.0,3087.0,3960.0,4095.0
4063991,6.0,3404.0,4087.0,4095.0,2515.0,2675.0,3749.0,4095.0
4064091,0.0,3614.0,4095.0,4095.0,2426.0,2551.0,3547.0,4095.0
4064191,0.0,4095.0,4095.0,4095.0,2403.0,2541.0,3496.0,4095.0
4064291,0.0,4095.0,4095.0,4095.0,2420.0,2599.0,3528.0,4095.0
4064391,0.0,4095.0,4095.0,587.0,2355.0,2595.0,3445.0,4095.0
4064491,0.0,4095.0,4095.0,111.0,2396.0,2535.0,3497.0,4095.0
4064591,0.0,4095.0,4095.0,137.0,2405.0,2541.0,3580.0,4095.0
4064691,0.0,4095.0,4095.0,1878.0,2459.0,2600.0,3636.0,4095.0
4064791,0.0,4095.0,4095.0,4095.0,2403.0,2531.0,3531.0,4095.0
4064891,0.0,4095.0,4095.0,4095.0,2423.0,2599.0,3550.0,4095.0
4064991,87.0,2759.0,1891.0,4095.0,2895.0,2995.0,4095.0,4095.0
4065091,125.0,2663.0,1825.0,4095.0,4095.0,4095.0,4095.0,4095.0
4065191,264.0,2461.0,1607.0,4095.0,4095.0,4095.0,4095.0,4095.0
4065291,344.0,2312.0,1549.0,3741.0,4095.0,4095.0,4095.0,4095.0
4065391,393.0,2265.0,1540.0,4095.0,4095.0,4095.0,4095.0,4095.0
4065491,413.0,2236.0,1529.0,3933.0,4095.0,4095.0,4095.0,4095.0
4065591,419.0,2293.0,1523.0,4095.0,4095.0,4095.0,4095.0,2651.0
4065691,428.0,2231.0,1561.0,4095.0,4095.0,4095.0,4095.0,1406.0
4065791,447.0,2303.0,1555.0,72.0,4095.0,4095.0,4095.0,1864.0
4065891,469.0,2271.0,1543.0,4095.0,4095.0,4095.0,4095.0,2856.0
4065991,507.0,2271.0,1576.0,4095.0,4095.0,4095.0,4095.0,4095.0
4066091,601.0,2336.0,1688.0,4095.0,3967.0,4095.0,4095.0,4095.0
4066191,584.0,3247.0,3869.0,4095.0,3491.0,3949.0,4095.0,4095.0
4066291,583.0,3272.0,3931.0,4095.0,2964.0,3733.0,4095.0,4095.0
4066391,599.0,3243.0,3813.0,4095.0,2798.0,3485.0,4095.0,4095.0
4066491,551.0,3218.0,3796.0,4095.0,2599.0,3013.0,3433.0,4095.0
4066591,33.0,3392.0,4095.0,1891.0,2501.0,2783.0,3274.0,4095.0
4066691,0.0,4095.0,4095.0,4095.0,2409.0,2713.0,3164.0,4095.0
4066791,0.0,4095.0,4095.0,4095.0,2425.0,2909.0,3239.0,4095.0
4066891,0.0,4095.0,4095.0,733.0,2381.0,2898.0,3224.0,4095.0
4066991,0.0,4095.0,4095.0,103.0,2395.0,2903.0,3253.0,4095.0
4067091,0.0,4095.0,4095.0,83.0,2436.0,2939.0,3309.0,4095.0
4067191,0.0,4095.0,4095.0,437.0,2387.0,2900.0,3260.0,4095.0
4067291,0.0,4095.0,4095.0,4095.0,2427.0,2927.0,3304.0,4095.0
4067391,0.0,4095.0,4095.0,4058.0,2377.0,2857.0,3231.0,4095.0
4067491,0.0,4095.0,3914.0,59.0,2475.0,2937.0,3381.0,4095.0
4067591,0.0,4095.0,3953.0,4095.0,3199.0,3480.0,4095.0,4095.0
4067691,71.0,2959.0,2296.0,4095.0,4095.0,4095.0,4095.0,4095.0
4067791,205.0,2527.0,1715.0,4095.0,4095.0,4095.0,4095.0,4095.0
4067891,325.0,2363.0,1556.0,4095.0,4095.0,4095.0,4095.0,4095.0
4067991,393.0,2315.0,1549.0,4095.0,4095.0,4095.0,4095.0,4095.0
4068091,404.0,2291.0,1509.0,4095.0,4095.0,4095.0,4095.0,4095.0
4068191,422.0,2286.0,1501.0,4095.0,4095.0,4095.0,4095.0,2215.0
4068291,441.0,2283.0,1515.0,4095.0,4095.0,4095.0,4095.0,1045.0
4068391,455.0,2281.0,1523.0,4095.0,4095.0,4095.0,4095.0,1189.0
4068491,473.0,2276.0,1517.0,4095.0,4095.0,4095.0,4095.0,3204.0
4068591,505.0,2267.0,1525.0,4095.0,4095.0,4095.0,4095.0,4095.0
4068691,507.0,2267.0,1531.0,4095.0,4095.0,4095.0,4095.0,4095.0
4068791,567.0,2393.0,1709.0,4095.0,4095.0,4095.0,2953.0,4095.0
4068891,527.0,3304.0,3900.0,4095.0,4095.0,4095.0,2643.0,4095.0
4068991,616.0,3208.0,3855.0,4095.0,3235.0,3975.0,2577.0,4095.0
4069091,409.0,3293.0,3875.0,4095.0,2646.0,3373.0,2397.0,4095.0
4069191,0.0,4095.0,4095.0,4095.0,2631.0,3019.0,2405.0,4095.0
4069291,0.0,4095.0,4095.0,4095.0,2547.0,2853.0,2281.0,4095.0
4069391,0.0,4095.0,4095.0,4095.0,2493.0,2939.0,2296.0,4095.0
4069491,0.0,4095.0,4095.0,3992.0,2485.0,2958.0,2272.0,4095.0
4069591,0.0,4095.0,4095.0,389.0,2543.0,3001.0,2333.0,4095.0
4069691,0.0,4095.0,4095.0,99.0,2483.0,2970.0,2259.0,4095.0
4069791,0.0,4095.0,4095.0,109.0,2539.0,3063.0,2300.0,4095.0
4069891,0.0,4095.0,4095.0,490.0,2541.0,3015.0,2334.0,4095.0
4069991,0.0,4095.0,4095.0,4095.0,2584.0,3006.0,2393.0,4095.0
4070091,0.0,4095.0,4095.0,4095.0,2619.0,2991.0,2487.0,4095.0
4070191,59.0,3168.0,2480.0,4095.0,3006.0,3310.0,2935.0,4095.0
4070291,83.0,2935.0,2203.0,4095.0,4095.0,4095.0,4095.0,4095.0
4070391,98.0,3321.0,2979.0,4095.0,4095.0,4095.0,4095.0,4095.0
4070491,188.0,2863.0,2673.0,4000.0,4095.0,4095.0,4095.0,4095.0
4070591,279.0,2764.0,2512.0,4095.0,4095.0,4095.0,4095.0,4095.0
4070691,288.0,2696.0,2585.0,4067.0,4095.0,4095.0,4095.0,4095.0
4070791,223.0,2776.0,2621.0,4005.0,4095.0,4095.0,4095.0,3527.0
4070891,237.0,2891.0,2745.0,4095.0,4095.0,4095.0,4095.0,1397.0
4070991,272.0,2844.0,2616.0,4095.0,4095.0,4095.0,4095.0,937.0
4071091,273.0,2811.0,2661.0,4095.0,4095.0,4095.0,4095.0,1304.0
4071191,384.0,2599.0,2156.0,4095.0,4095.0,4095.0,4095.0,4052.0
4071291,349.0,2688.0,2464.0,4095.0,4095.0,4095.0,4095.0,4095.0
4071391,462.0,2450.0,1925.0,4095.0,4095.0,4095.0,3261.0,4095.0
4071491,615.0,2538.0,1904.0,4095.0,4095.0,4095.0,2543.0,4095.0
4071591,565.0,3196.0,3814.0,4095.0,3396.0,3873.0,2513.0,4095.0
4071691,375.0,3295.0,3927.0,4095.0,2535.0,3229.0,3537.0,4095.0
4071791,0.0,4095.0,4095.0,4095.0,2424.0,2840.0,3305.0,4095.0
4071891,0.0,4095.0,4095.0,4095.0,2578.0,2885.0,2649.0,4095.0
4071991,0.0,4095.0,4095.0,4095.0,2547.0,2937.0,2600.0,4095.0
4072091,0.0,4095.0,4095.0,1815.0,2536.0,3003.0,2579.0,4095.0
4072191,0.0,4095.0,4095.0,453.0,2525.0,3043.0,2575.0,4095.0
4072291,0.0,4095.0,4095.0,759.0,2523.0,3043.0,2577.0,4095.0
4072391,0.0,4095.0,4095.0,4069.0,2517.0,3013.0,2575.0,4095.0
4072491,0.0,4095.0,4095.0,4095.0,2515.0,2975.0,2603.0,4095.0
4072591,79.0,2954.0,2216.0,4095.0,2537.0,2944.0,2641.0,4095.0
4072691,88.0,2835.0,1947.0,4095.0,3127.0,3386.0,3293.0,4095.0
4072791,95.0,2664.0,1845.0,4095.0,4095.0,4095.0,4095.0,4095.0
4072891,270.0,2473.0,1748.0,4095.0,4095.0,4095.0,4095.0,4095.0
4072991,346.0,2096.0,1644.0,4095.0,4095.0,4095.0,4095.0,4095.0
4073091,384.0,2036.0,1596.0,4095.0,4095.0,4095.0,4095.0,4095.0
4073191,425.0,2029.0,1611.0,4095.0,4095.0,4095.0,4095.0,4095.0
4073291,427.0,2072.0,1621.0,4095.0,4095.0,4095.0,4095.0,3351.0
4073391,379.0,2048.0,1655.0,4095.0,4095.0,4095.0,4095.0,1567.0
4073491,377.0,2111.0,1667.0,4095.0,4095.0,4095.0,4095.0,1373.0
4073591,422.0,2016.0,1661.0,4095.0,4095.0,4095.0,4095.0,2827.0
4073691,475.0,2030.0,1661.0,4095.0,4095.0,4095.0,4095.0,4095.0
4073791,497.0,2099.0,1639.0,4095.0,4095.0,4095.0,4095.0,4095.0
4073891,557.0,2265.0,2019.0,4095.0,4095.0,4095.0,4095.0,4095.0
4073991,743.0,3003.0,3707.0,4095.0,4095.0,4095.0,2998.0,4095.0
4074091,826.0,2785.0,3577.0,4095.0,3349.0,3718.0,2861.0,4095.0
4074191,289.0,3043.0,3693.0,4095.0,2697.0,3286.0,2763.0,4095.0
4074291,0.0,4095.0,4095.0,83.0,2571.0,3061.0,2765.0,4095.0
4074391,0.0,4095.0,4095.0,4095.0,2503.0,2926.0,2565.0,4095.0
4074491,0.0,4095.0,4095.0,4095.0,2567.0,2908.0,2644.0,4095.0
4074591,0.0,4095.0,4095.0,4095.0,2503.0,2815.0,2629.0,4095.0
4074691,0.0,4095.0,4095.0,4095.0,2565.0,2863.0,2715.0,4095.0
4074791,0.0,4095.0,4095.0,4095.0,2540.0,2844.0,2793.0,4095.0
4074891,0.0,4095.0,4095.0,4095.0,2535.0,2815.0,2807.0,4095.0
4074991,0.0,4095.0,4095.0,4095.0,2553.0,2821.0,2707.0,4095.0
4075091,0.0,4095.0,4095.0,4095.0,2541.0,2816.0,2687.0,4095.0
4075191,0.0,4095.0,4095.0,4095.0,2531.0,2829.0,2675.0,4095.0
4075291,0.0,4095.0,4095.0,4095.0,2521.0,2851.0,2666.0,4095.0
4075391,0.0,4095.0,4095.0,4095.0,2460.0,2828.0,2598.0,4095.0
4075491,0.0,4095.0,4095.0,4095.0,2509.0,2911.0,2645.0,4095.0
4075591,0.0,4095.0,4095.0,4095.0,2513.0,2911.0,2634.0,4095.0
4075691,0.0,4095.0,4095.0,4095.0,2505.0,2917.0,2621.0,4095.0
4075791,0.0,4095.0,4095.0,4095.0,2495.0,2911.0,2616.0,4095.0
4075891,0.0,4095.0,4095.0,4095.0,2491.0,2904.0,2607.0,4095.0
4075991,0.0,4095.0,4095.0,4095.0,2493.0,2892.0,2602.0,4095.0
4076091,0.0,4095.0,4095.0,4095.0,2489.0,2867.0,2591.0,4095.0
4076191,0.0,4095.0,4095.0,4095.0,2488.0,2847.0,2590.0,4095.0
4076291,0.0,4095.0,4095.0,4095.0,2515.0,2791.0,2619.0,4095.0
4076391,72.0,3259.0,2582.0,4095.0,2629.0,2791.0,2973.0,4095.0
4076491,115.0,2871.0,2257.0,4095.0,4095.0,4095.0,4095.0,4095.0
4076591,218.0,2479.0,1735.0,4095.0,4095.0,4095.0,4095.0,4095.0
4076691,224.0,2462.0,1704.0,4095.0,4095.0,4095.0,4095.0,4095.0
4076791,195.0,2463.0,1648.0,4095.0,4095.0,4095.0,4095.0,4095.0
4076891,159.0,2495.0,1688.0,4095.0,4095.0,4095.0,4095.0,4095.0
4076991,155.0,2496.0,1716.0,4095.0,4095.0,4095.0,4095.0,4095.0
4077091,141.0,2586.0,1717.0,4095.0,4095.0,4000.0,3805.0,4095.0
4077191,0.0,4095.0,4095.0,4095.0,3172.0,3764.0,2410.0,4095.0
4077291,0.0,4095.0,4095.0,4095.0,2823.0,3465.0,2379.0,4095.0
4077391,0.0,4095.0,4095.0,4095.0,2729.0,3450.0,2319.0,4095.0
4077491,0.0,4095.0,4095.0,4095.0,2657.0,3423.0,2432.0,4095.0
4077591,144.0,2605.0,1818.0,4095.0,2659.0,3433.0,2589.0,4095.0
4077691,223.0,2483.0,1615.0,4095.0,4075.0,4095.0,4095.0,4095.0
4077791,288.0,2411.0,1637.0,4095.0,4095.0,4095.0,4095.0,4095.0
4077891,281.0,2403.0,1617.0,4095.0,4095.0,4095.0,4095.0,4095.0
4077991,301.0,2380.0,1647.0,4095.0,3198.0,4044.0,4095.0,4095.0
4078091,299.0,2400.0,1717.0,4095.0,2851.0,3501.0,4095.0,4095.0
4078191,286.0,2417.0,1692.0,4095.0,2696.0,3319.0,3831.0,4095.0
4078291,280.0,2416.0,1704.0,4095.0,2604.0,3214.0,4013.0,4095.0
4078391,284.0,2396.0,1684.0,4095.0,2577.0,3159.0,3964.0,4095.0
4078491,256.0,2400.0,1672.0,4095.0,2558.0,3158.0,3688.0,4095.0
4078591,256.0,2416.0,1687.0,4095.0,2533.0,3141.0,3631.0,4095.0
4078691,216.0,2443.0,1685.0,4095.0,2503.0,3129.0,3592.0,4095.0
4078791,181.0,2460.0,1647.0,4095.0,2443.0,3051.0,3513.0,4095.0
4078891,160.0,2432.0,1679.0,4095.0,2480.0,3101.0,3553.0,4095.0
4078991,163.0,2511.0,1637.0,4095.0,2471.0,3133.0,3531.0,4095.0
4079091,156.0,2535.0,1653.0,4095.0,2501.0,3230.0,3512.0,4095.0
4079191,136.0,2475.0,1695.0,4095.0,2814.0,3893.0,3421.0,4095.0
4079291,108.0,2526.0,1704.0,4095.0,4078.0,4095.0,3257.0,4095.0
4079391,122.0,2623.0,1735.0,4095.0,3993.0,4095.0,3253.0,4095.0
4079491,106.0,2696.0,1900.0,4095.0,3835.0,4095.0,2075.0,4095.0
4079591,104.0,2833.0,2041.0,4095.0,4081.0,4095.0,2163.0,4095.0
4079691,0.0,4020.0,3803.0,4095.0,3099.0,3927.0,2275.0,4095.0
4079791,0.0,3956.0,3741.0,4095.0,2717.0,3773.0,2329.0,4095.0
4079891,0.0,3968.0,3712.0,4095.0,2651.0,3769.0,2343.0,4095.0
4079991,9.0,3917.0,3783.0,4095.0,2663.0,3796.0,2343.0,4095.0
4080091,0.0,3919.0,3644.0,4095.0,2791.0,3791.0,2250.0,4095.0
4080191,87.0,2923.0,2216.0,4095.0,3541.0,4095.0,2157.0,4095.0
4080291,0.0,4095.0,3999.0,4095.0,3911.0,4095.0,2056.0,4095.0
4080391,0.0,4095.0,4095.0,4095.0,3574.0,4095.0,2067.0,4095.0
4080491,0.0,4095.0,4095.0,4095.0,3139.0,4095.0,2137.0,4095.0
4080591,135.0,2675.0,1839.0,4095.0,2783.0,3787.0,2195.0,4095.0
4080691,278.0,2496.0,1695.0,4095.0,3569.0,4095.0,3611.0,4095.0
4080791,569.0,2345.0,1555.0,4095.0,4095.0,4095.0,4095.0,4095.0
4080891,623.0,2293.0,1559.0,4095.0,4095.0,4095.0,4095.0,4095.0
4080991,647.0,2288.0,1560.0,4095.0,4095.0,4095.0,4095.0,4095.0
4081091,439.0,2348.0,1632.0,4095.0,4095.0,4095.0,4095.0,4095.0
4081191,705.0,2447.0,1819.0,4095.0,4095.0,4095.0,4095.0,4095.0
4081291,841.0,2891.0,2431.0,4095.0,4095.0,4095.0,4095.0,4095.0
4081391,629.0,3345.0,3847.0,4095.0,2612.0,3134.0,3659.0,4095.0
4081491,636.0,3208.0,3928.0,4095.0,2552.0,2851.0,3005.0,4095.0
4081591,493.0,3355.0,3946.0,4095.0,3026.0,3759.0,2971.0,4095.0
4081691,431.0,3440.0,3935.0,4095.0,2635.0,3099.0,3051.0,4095.0
4081791,433.0,3374.0,3888.0,4095.0,2587.0,3083.0,3131.0,4095.0
4081891,428.0,3360.0,3884.0,4095.0,2599.0,3113.0,3113.0,4095.0
4081991,425.0,3374.0,3880.0,4095.0,3211.0,4095.0,2641.0,4095.0
4082091,402.0,3432.0,3971.0,4095.0,3912.0,4095.0,2827.0,4095.0
4082191,421.0,3463.0,3955.0,4095.0,3743.0,4095.0,2911.0,4095.0
4082291,423.0,3381.0,3928.0,4095.0,3787.0,4095.0,2883.0,4095.0
4082391,199.0,3477.0,4007.0,1129.0,4022.0,4095.0,2705.0,4095.0
4082491,435.0,3383.0,3993.0,187.0,2855.0,3733.0,2835.0,4095.0
4082591,408.0,3372.0,3940.0,187.0,2811.0,3769.0,2111.0,4095.0
4082691,427.0,3372.0,3925.0,355.0,2845.0,3775.0,2168.0,4095.0
4082791,223.0,3444.0,4021.0,301.0,2573.0,3576.0,3171.0,4095.0
4082891,201.0,3373.0,3885.0,395.0,2683.0,3611.0,2233.0,4095.0
4082991,232.0,3455.0,4005.0,1511.0,2671.0,3575.0,2230.0,4095.0
4083091,225.0,3323.0,3870.0,2275.0,2569.0,3327.0,2205.0,4095.0
4083191,233.0,3435.0,3943.0,2121.0,2615.0,3317.0,2269.0,4095.0
4083291,232.0,3367.0,4000.0,1264.0,2605.0,3279.0,2279.0,4095.0
4083391,219.0,3399.0,3940.0,3103.0,2537.0,3199.0,2233.0,4095.0
4083491,213.0,3469.0,3961.0,4095.0,2429.0,3167.0,3219.0,4095.0
4083591,203.0,3328.0,3870.0,4095.0,2421.0,3189.0,3197.0,4095.0
4083691,231.0,3415.0,4007.0,4095.0,2421.0,3187.0,3194.0,4095.0
4083791,214.0,3427.0,3962.0,4095.0,2359.0,3097.0,3120.0,4095.0
4083891,227.0,3485.0,4002.0,4095.0,2515.0,3116.0,3007.0,4095.0
4083991,233.0,3397.0,3941.0,4095.0,2773.0,2879.0,2927.0,4095.0
4084091,231.0,3441.0,3973.0,4095.0,2739.0,2876.0,3003.0,4095.0
4084191,243.0,3421.0,4044.0,4095.0,2646.0,2886.0,3021.0,4095.0
4084291,237.0,3478.0,4040.0,4095.0,2599.0,2923.0,3025.0,4095.0
4084391,223.0,3448.0,3977.0,4095.0,2585.0,2951.0,2961.0,4095.0
4084491,197.0,3517.0,4065.0,4095.0,3241.0,4020.0,2642.0,4095.0
4084591,160.0,3501.0,4030.0,4095.0,4095.0,4095.0,2534.0,4095.0
4084691,165.0,3533.0,4013.0,4095.0,3883.0,4095.0,2603.0,4095.0
4084791,176.0,3471.0,4059.0,4095.0,2587.0,3271.0,2836.0,4095.0
4084891,217.0,3383.0,3944.0,4095.0,2491.0,3025.0,3211.0,4095.0
4084991,239.0,3371.0,4012.0,4095.0,2469.0,2991.0,3247.0,4095.0
4085091,254.0,3308.0,3991.0,4095.0,2489.0,2989.0,3061.0,4095.0
4085191,249.0,3321.0,3917.0,4095.0,2415.0,2924.0,2995.0,4095.0
4085291,280.0,3211.0,3939.0,4095.0,2515.0,2935.0,3119.0,4095.0
4085391,297.0,3287.0,3943.0,4095.0,2997.0,3259.0,4095.0,4095.0
4085491,279.0,3321.0,3855.0,4095.0,2529.0,2999.0,4075.0,4095.0
4085591,273.0,3220.0,3800.0,4095.0,2413.0,2949.0,3470.0,4095.0
4085691,288.0,3192.0,3867.0,4095.0,2403.0,2911.0,3413.0,4095.0
4085791,287.0,3248.0,3871.0,4095.0,2351.0,2808.0,3335.0,4095.0
4085891,279.0,3231.0,3863.0,4095.0,2345.0,2792.0,3327.0,4095.0
4085991,275.0,3219.0,3879.0,4095.0,2393.0,2859.0,3359.0,4095.0
4086091,261.0,3211.0,3803.0,4095.0,2408.0,2791.0,3367.0,4095.0
4086191,287.0,3291.0,3873.0,4095.0,2399.0,2782.0,3381.0,4095.0
4086291,277.0,3257.0,3808.0,4095.0,2395.0,2776.0,3371.0,4095.0
4086391,293.0,3293.0,3897.0,4095.0,2392.0,2776.0,3370.0,4095.0
4086491,304.0,3197.0,3937.0,4095.0,2391.0,2771.0,3375.0,4095.0
4086591,302.0,3184.0,3930.0,4095.0,2389.0,2763.0,3373.0,4095.0
4086691,284.0,3248.0,3975.0,4095.0,2381.0,2790.0,3339.0,4095.0
4086791,107.0,3845.0,4095.0,4095.0,2387.0,2933.0,3283.0,4095.0
4086891,0.0,4095.0,4095.0,3912.0,2381.0,2927.0,3254.0,4095.0
4086991,0.0,4095.0,4095.0,424.0,2367.0,2876.0,3253.0,4095.0
4087091,0.0,4095.0,4095.0,124.0,2315.0,2989.0,3244.0,4095.0
4087191,0.0,4095.0,4095.0,102.0,2229.0,2951.0,3241.0,4095.0
4087291,0.0,4095.0,4095.0,2427.0,2271.0,2997.0,3375.0,4095.0
4087391,0.0,4095.0,4095.0,4095.0,2299.0,3030.0,3595.0,4095.0
4087491,0.0,4095.0,4095.0,4095.0,2648.0,3276.0,4095.0,4095.0
4087591,0.0,4095.0,4095.0,4095.0,3445.0,3757.0,4095.0,4095.0
4087691,0.0,4095.0,4095.0,4095.0,4095.0,4095.0,4095.0,4095.0
4087791,0.0,4095.0,4095.0,4095.0,4095.0,4095.0,4095.0,4095.0
4087891,456.0,2488.0,3473.0,4095.0,4095.0,4095.0,4095.0,4095.0
4087991,734.0,2560.0,3360.0,4095.0,4095.0,4095.0,4095.0,4072.0
4088091,551.0,1867.0,2316.0,72.0,4095.0,4095.0,4095.0,3912.0
4088191,448.0,1912.0,1915.0,46.0,4095.0,4095.0,4095.0,3247.0
4088291,329.0,1910.0,1850.0,4095.0,4095.0,4095.0,4095.0,2055.0
4088391,444.0,2028.0,2039.0,4095.0,4095.0,4095.0,4095.0,1423.0
4088491,431.0,2071.0,2095.0,4095.0,4095.0,4095.0,4095.0,1945.0
4088591,441.0,2045.0,2011.0,4095.0,4095.0,4095.0,4095.0,4095.0
4088691,393.0,2024.0,1981.0,4095.0,4095.0,4095.0,4095.0,4095.0
4088791,361.0,2039.0,1997.0,4095.0,4095.0,4095.0,4095.0,4095.0
4088891,335.0,2157.0,2982.0,4095.0,4095.0,4095.0,4095.0,4095.0
4088991,648.0,3112.0,3407.0,4095.0,4095.0,4095.0,4095.0,4095.0
4089091,739.0,2971.0,3247.0,4095.0,4095.0,4095.0,4095.0,4095.0
4089191,799.0,2921.0,3322.0,4095.0,4095.0,4095.0,4095.0,4095.0
4089291,807.0,2832.0,3112.0,4095.0,3207.0,2900.0,3400.0,4095.0
4089391,487.0,2857.0,3643.0,4095.0,2760.0,2357.0,2943.0,4095.0
4089491,132.0,3304.0,3999.0,47.0,2719.0,2335.0,2886.0,4095.0
4089591,0.0,4095.0,4095.0,41.0,2623.0,2695.0,2790.0,4095.0
4089691,0.0,4095.0,4095.0,1951.0,2587.0,2647.0,2773.0,4095.0
4089791,0.0,4095.0,4095.0,1564.0,2572.0,2551.0,2777.0,4095.0
4089891,0.0,4095.0,4095.0,4095.0,2632.0,2283.0,2799.0,4095.0
4089991,0.0,4095.0,4095.0,4095.0,2619.0,2300.0,2827.0,4095.0
4090091,0.0,4095.0,4095.0,4095.0,2635.0,2347.0,2900.0,4095.0
4090191,0.0,4095.0,4095.0,4095.0,3164.0,2968.0,4095.0,4095.0
4090291,0.0,4095.0,4095.0,4095.0,4095.0,4095.0,4095.0,4095.0
4090391,0.0,4095.0,4095.0,4095.0,4095.0,4095.0,4095.0,4095.0
4090491,1211.0,3115.0,3568.0,3929.0,4095.0,4095.0,4095.0,4095.0
4090591,387.0,2870.0,3651.0,4095.0,4095.0,4095.0,4095.0,4095.0
4090691,310.0,2324.0,1945.0,4095.0,4095.0,4095.0,4095.0,4047.0
4090791,126.0,2752.0,2183.0,4095.0,4095.0,4095.0,4095.0,2688.0
4090891,89.0,2708.0,1979.0,4095.0,4095.0,4095.0,4095.0,1854.0
4090991,101.0,2725.0,1979.0,4095.0,4095.0,4095.0,4095.0,1764.0
4091091,120.0,2575.0,1847.0,4095.0,4095.0,4095.0,4095.0,3999.0
4091191,117.0,2847.0,1819.0,4095.0,4095.0,4095.0,4095.0,4095.0
4091291,172.0,2348.0,1975.0,33.0,4095.0,4095.0,4095.0,4095.0
4091391,171.0,3155.0,2990.0,55.0,4095.0,4095.0,4095.0,4095.0
4091491,307.0,3134.0,3799.0,48.0,4095.0,4095.0,4095.0,4095.0
4091591,522.0,3129.0,3696.0,3308.0,4095.0,4095.0,4095.0,4095.0
4091691,587.0,2932.0,3618.0,44.0,2906.0,2295.0,2985.0,4095.0
4091791,333.0,2843.0,3547.0,52.0,2852.0,2255.0,3432.0,4095.0
4091891,30.0,4095.0,4095.0,77.0,2841.0,2325.0,3355.0,4095.0
4091991,0.0,4095.0,4095.0,4095.0,2785.0,3205.0,3225.0,4095.0
4092091,0.0,4095.0,4095.0,3895.0,2793.0,3967.0,3141.0,4095.0
4092191,0.0,4095.0,4095.0,4095.0,2776.0,3802.0,3283.0,4095.0
4092291,0.0,4095.0,4095.0,4095.0,2739.0,3656.0,3179.0,4095.0
4092391,0.0,4095.0,4095.0,4095.0,2555.0,3387.0,3240.0,4095.0
4092491,0.0,4095.0,4095.0,4095.0,2553.0,3385.0,3471.0,4095.0
4092591,0.0,4095.0,4095.0,4095.0,2543.0,3358.0,3492.0,4095.0
4092691,0.0,4095.0,4095.0,4095.0,3835.0,4059.0,3987.0,4095.0
4092791,0.0,4095.0,4095.0,4095.0,4095.0,4095.0,4095.0,4095.0
4092891,207.0,3143.0,3727.0,4095.0,4095.0,4095.0,4095.0,4095.0
4092991,423.0,2944.0,2444.0,4095.0,4095.0,4095.0,4095.0,4095.0
4093091,383.0,2603.0,2055.0,4095.0,4095.0,4095.0,4095.0,4095.0
4093191,415.0,2384.0,1847.0,4095.0,4095.0,4095.0,4095.0,3961.0
4093291,417.0,2405.0,1817.0,4095.0,4095.0,4095.0,4095.0,2507.0
4093391,396.0,2335.0,1783.0,4095.0,4095.0,4095.0,4095.0,1435.0
4093491,421.0,2335.0,1868.0,4095.0,4095.0,4095.0,4095.0,1863.0
4093591,480.0,2625.0,2191.0,4095.0,4095.0,4095.0,4095.0,4095.0
4093691,547.0,2440.0,1839.0,4095.0,4095.0,4095.0,4095.0,4095.0
4093791,675.0,2976.0,3795.0,4095.0,4095.0,4095.0,4095.0,4095.0
4093891,672.0,2947.0,3680.0,4095.0,4095.0,4095.0,4095.0,4095.0
4093991,659.0,3003.0,3667.0,4095.0,4095.0,4095.0,4095.0,4095.0
4094091,663.0,2880.0,3709.0,4095.0,4095.0,4095.0,4095.0,4095.0
4094191,547.0,3047.0,3721.0,635.0,2824.0,2700.0,3672.0,4095.0
4094291,351.0,3654.0,3855.0,4095.0,2781.0,2182.0,3405.0,4095.0
4094391,20.0,4095.0,4095.0,55.0,2807.0,2153.0,3175.0,4095.0
4094491,0.0,4095.0,4095.0,4095.0,2813.0,2248.0,3167.0,4095.0
4094591,0.0,4095.0,4095.0,3968.0,2713.0,2837.0,3247.0,4095.0
4094691,0.0,4095.0,4095.0,3361.0,2793.0,3197.0,3499.0,4095.0
4094791,0.0,4095.0,4095.0,4095.0,2825.0,3271.0,3931.0,4095.0
4094891,0.0,4095.0,4095.0,4095.0,2751.0,3149.0,3828.0,4095.0
4094991,0.0,4095.0,4095.0,4095.0,3347.0,3620.0,4095.0,4095.0
4095091,0.0,4095.0,4095.0,85.0,2965.0,3101.0,4083.0,4095.0
4095191,0.0,4095.0,4095.0,1139.0,3797.0,3833.0,3903.0,4095.0
4095291,0.0,4095.0,4095.0,4095.0,4095.0,4095.0,4095.0,4095.0
4095391,51.0,3725.0,4095.0,4095.0,4095.0,4095.0,4095.0,4095.0
4095491,320.0,3147.0,3764.0,4095.0,4095.0,4095.0,4095.0,4095.0
4095591,453.0,2331.0,1735.0,4095.0,4095.0,4095.0,4095.0,4095.0
4095691,472.0,2262.0,1756.0,4095.0,4095.0,4095.0,4095.0,3148.0
4095791,500.0,2272.0,1759.0,4095.0,4095.0,4095.0,4095.0,1547.0
4095891,479.0,2374.0,1774.0,4095.0,4095.0,4095.0,4095.0,1501.0
4095991,496.0,2755.0,2183.0,4095.0,4095.0,4095.0,4095.0,2516.0
4096091,551.0,2736.0,2297.0,4095.0,4095.0,4095.0,4095.0,4095.0
4096191,550.0,2551.0,1940.0,4095.0,4095.0,4095.0,4095.0,4095.0
4096291,571.0,2520.0,1829.0,4095.0,4095.0,4095.0,4095.0,4095.0
4096391,461.0,3467.0,3928.0,4095.0,4095.0,4095.0,4095.0,4095.0
4096491,469.0,3328.0,3976.0,4095.0,4095.0,4095.0,4095.0,4095.0
4096591,476.0,3339.0,3987.0,4095.0,4095.0,4095.0,4095.0,4095.0
4096691,638.0,2939.0,3663.0,88.0,4095.0,4095.0,4095.0,4095.0
4096791,14.0,4095.0,4095.0,25.0,2780.0,2405.0,3554.0,4095.0
4096891,0.0,4095.0,4095.0,4095.0,2766.0,2523.0,3501.0,4095.0
4096991,0.0,4095.0,4095.0,4095.0,2729.0,2781.0,3422.0,4095.0
4097091,0.0,4095.0,4095.0,3840.0,2701.0,2618.0,3367.0,4095.0
4097191,0.0,4095.0,4095.0,4095.0,2734.0,2329.0,3358.0,4095.0
4097291,0.0,4095.0,4095.0,4095.0,2717.0,2267.0,3326.0,4095.0
4097391,0.0,4095.0,4095.0,4095.0,2643.0,2229.0,3247.0,4095.0
4097491,0.0,4095.0,4095.0,4095.0,2709.0,2291.0,3345.0,4095.0
4097591,0.0,4095.0,4095.0,4095.0,2840.0,2439.0,3875.0,4095.0
4097691,0.0,4095.0,4095.0,4095.0,3819.0,3608.0,4095.0,4095.0
4097791,0.0,4095.0,4095.0,4095.0,4095.0,4095.0,4095.0,4095.0
4097891,217.0,3323.0,3895.0,4095.0,4095.0,4095.0,4095.0,4095.0
4097991,430.0,3069.0,3769.0,4095.0,4095.0,4095.0,4095.0,4095.0
4098091,501.0,2383.0,1863.0,4095.0,4095.0,4095.0,4095.0,3113.0
4098191,509.0,2388.0,1861.0,4095.0,4095.0,4095.0,4095.0,2115.0
4098291,521.0,2342.0,1849.0,4095.0,4095.0,4095.0,4095.0,3178.0
4098391,535.0,2333.0,1771.0,4095.0,4095.0,4095.0,4095.0,4095.0
4098491,399.0,2314.0,1647.0,4095.0,4095.0,4095.0,4095.0,4095.0
4098591,402.0,2259.0,1620.0,4095.0,4095.0,4095.0,4095.0,4095.0
4098691,380.0,2275.0,1599.0,4095.0,4095.0,4095.0,4095.0,4095.0
4098791,380.0,2283.0,1613.0,4095.0,4095.0,4095.0,4095.0,4095.0
4098891,459.0,2413.0,1847.0,4095.0,4095.0,4095.0,4095.0,4095.0
4098991,647.0,3283.0,3889.0,4095.0,4095.0,4095.0,4095.0,4095.0
4099091,161.0,3892.0,4095.0,4095.0,2819.0,2815.0,3709.0,4095.0
4099191,0.0,4095.0,4095.0,4095.0,2833.0,2847.0,3759.0,4095.0
4099291,0.0,4095.0,4095.0,4095.0,2879.0,2472.0,3687.0,4095.0
4099391,0.0,4095.0,4095.0,4095.0,2859.0,2396.0,3627.0,4095.0
4099491,0.0,4095.0,4095.0,4095.0,2855.0,2381.0,3646.0,4095.0
4099591,0.0,4095.0,4095.0,4095.0,2857.0,2344.0,3643.0,4095.0
4099691,0.0,4095.0,4095.0,4095.0,2856.0,2377.0,3668.0,4095.0
4099791,0.0,4095.0,4095.0,4095.0,2830.0,2375.0,3675.0,4095.0
4099891,0.0,4095.0,4095.0,4095.0,2907.0,2464.0,3863.0,4095.0
4099991,0.0,4095.0,4095.0,4095.0,3917.0,3751.0,4095.0,4095.0
4100091,0.0,4095.0,4095.0,4095.0,4095.0,4095.0,4095.0,4095.0
4100191,115.0,3563.0,4009.0,4095.0,4095.0,4095.0,4095.0,4095.0
4100291,219.0,3444.0,3883.0,4095.0,4095.0,4095.0,4095.0,4095.0
4100391,363.0,2427.0,1748.0,4095.0,4095.0,4095.0,4095.0,4079.0
4100491,371.0,2352.0,1767.0,4095.0,4095.0,4095.0,4095.0,2537.0
4100591,357.0,2366.0,1739.0,4095.0,4095.0,4095.0,4095.0,1556.0
4100691,328.0,2336.0,1667.0,4095.0,4095.0,4095.0,4095.0,1897.0
4100791,379.0,2005.0,1723.0,4095.0,4095.0,4095.0,4095.0,3975.0
4100891,432.0,1997.0,1693.0,963.0,4095.0,4095.0,4095.0,4095.0
4100991,502.0,2106.0,1931.0,4095.0,4095.0,4095.0,4095.0,4095.0
4101091,699.0,2877.0,2851.0,4095.0,4095.0,4095.0,4095.0,4095.0
4101191,702.0,2973.0,3672.0,4095.0,4095.0,4095.0,4095.0,4095.0
4101291,780.0,2867.0,3635.0,4095.0,4095.0,4095.0,4095.0,4095.0
4101391,707.0,2854.0,3717.0,4095.0,4095.0,4095.0,4095.0,4095.0
4101491,0.0,4095.0,4095.0,4095.0,2874.0,2811.0,2607.0,4095.0
4101591,0.0,4095.0,4095.0,4095.0,2805.0,2823.0,2672.0,4095.0
4101691,0.0,4095.0,4095.0,4095.0,2783.0,2826.0,2665.0,4095.0
4101791,0.0,4095.0,4095.0,3883.0,2791.0,2868.0,2670.0,4095.0
4101891,0.0,4095.0,4095.0,2789.0,2828.0,2885.0,2727.0,4095.0
4101991,0.0,4095.0,4095.0,4095.0,2921.0,3016.0,2847.0,4095.0
4102091,0.0,4095.0,4095.0,4095.0,2927.0,3030.0,2861.0,4095.0
4102191,0.0,4095.0,4095.0,4095.0,2943.0,3044.0,2892.0,4095.0
4102291,0.0,4095.0,4095.0,4095.0,3529.0,3615.0,4095.0,4095.0
4102391,0.0,4095.0,4095.0,40.0,4095.0,4095.0,4095.0,4095.0
4102491,0.0,4095.0,4095.0,4095.0,4095.0,4095.0,4095.0,4095.0
4102591,188.0,3427.0,3947.0,4095.0,4095.0,4095.0,4095.0,4095.0
4102691,378.0,2399.0,1935.0,4095.0,4095.0,4095.0,4095.0,4095.0
4102791,296.0,2443.0,1836.0,4095.0,4095.0,4095.0,4095.0,3325.0
4102891,247.0,2467.0,1873.0,4095.0,4095.0,4095.0,4095.0,1967.0
4102991,179.0,2759.0,2079.0,4095.0,4095.0,4095.0,4095.0,1450.0
4103091,208.0,2927.0,2266.0,4095.0,4095.0,4095.0,4095.0,1463.0
4103191,256.0,2967.0,2347.0,4095.0,4095.0,4095.0,4095.0,3251.0
4103291,284.0,2462.0,1759.0,4095.0,4095.0,4095.0,4095.0,4095.0
4103391,311.0,2503.0,1712.0,4095.0,4095.0,4095.0,4095.0,4095.0
4103491,357.0,2644.0,2026.0,4095.0,4095.0,4095.0,4095.0,4095.0
4103591,457.0,2976.0,2480.0,4095.0,4095.0,4095.0,4095.0,4095.0
4103691,401.0,3331.0,3335.0,4095.0,4095.0,4095.0,4095.0,4095.0
4103791,556.0,3095.0,3064.0,4095.0,4095.0,4095.0,4095.0,4095.0
4103891,512.0,3064.0,3673.0,4095.0,4095.0,4095.0,4095.0,4095.0
4103991,71.0,4000.0,4095.0,4095.0,2933.0,2346.0,3661.0,4095.0
4104091,0.0,4095.0,4095.0,4095.0,2952.0,2421.0,3149.0,4095.0
4104191,0.0,4095.0,4095.0,4095.0,2841.0,2312.0,3589.0,4095.0
4104291,0.0,4095.0,4095.0,4095.0,2773.0,2515.0,2892.0,4095.0
4104391,0.0,4095.0,4095.0,4095.0,2809.0,2687.0,2903.0,4095.0
4104491,0.0,4095.0,4095.0,4095.0,2778.0,2585.0,2919.0,4095.0
4104591,0.0,4095.0,4095.0,4095.0,2759.0,2571.0,2917.0,4095.0
4104691,0.0,4095.0,4095.0,4095.0,2761.0,2587.0,2906.0,4095.0
4104791,0.0,4095.0,4095.0,4095.0,2766.0,2607.0,2955.0,4095.0
4104891,0.0,4095.0,4095.0,4095.0,2821.0,2638.0,3725.0,4095.0
4104991,0.0,4095.0,4095.0,4095.0,2879.0,2584.0,4011.0,4095.0
4105091,0.0,4095.0,4095.0,3291.0,4063.0,3967.0,4095.0,4095.0
4105191,10.0,3870.0,4095.0,4095.0,4095.0,4095.0,4095.0,4095.0
4105291,139.0,3482.0,3952.0,4095.0,4095.0,4095.0,4095.0,4095.0
4105391,429.0,2069.0,1767.0,4095.0,4095.0,4095.0,4095.0,4095.0
4105491,486.0,2073.0,1703.0,4095.0,4095.0,4095.0,4095.0,2959.0
4105591,440.0,2071.0,1693.0,4095.0,4095.0,4095.0,4095.0,1983.0
4105691,458.0,2011.0,1627.0,4095.0,4095.0,4095.0,4095.0,2004.0
4105791,470.0,2051.0,1615.0,4095.0,4095.0,4095.0,4095.0,3831.0
4105891,519.0,1999.0,1715.0,4095.0,4095.0,4095.0,4095.0,4095.0
4105991,577.0,2195.0,1861.0,4095.0,4095.0,4095.0,4095.0,4095.0
4106091,671.0,2330.0,1969.0,4095.0,4095.0,4095.0,4095.0,4095.0
4106191,797.0,2894.0,3035.0,4095.0,4095.0,4095.0,4095.0,4095.0
4106291,890.0,2907.0,3051.0,4095.0,4095.0,4095.0,4095.0,4095.0
4106391,917.0,2827.0,2907.0,4095.0,4095.0,4095.0,4095.0,4095.0
4106491,579.0,3021.0,3727.0,4095.0,3013.0,2301.0,2751.0,4095.0
4106591,0.0,4095.0,4095.0,4095.0,2897.0,3144.0,2581.0,4095.0
4106691,0.0,4095.0,4095.0,83.0,3014.0,2675.0,2645.0,4095.0
4106791,0.0,4095.0,4095.0,4095.0,2999.0,2706.0,2664.0,4095.0
4106891,0.0,4095.0,4095.0,3916.0,3195.0,3860.0,2617.0,4095.0
4106991,0.0,4095.0,4095.0,4095.0,3879.0,4095.0,3809.0,4095.0
4107091,0.0,4095.0,4095.0,4095.0,3351.0,3902.0,3537.0,4095.0
4107191,0.0,4095.0,4095.0,4095.0,2869.0,3542.0,3391.0,4095.0
4107291,0.0,4095.0,4095.0,4095.0,2732.0,3371.0,3387.0,4095.0
4107391,0.0,4095.0,4095.0,4095.0,2701.0,3356.0,3391.0,4095.0
4107491,0.0,4095.0,4095.0,4095.0,2763.0,3059.0,3563.0,4095.0
4107591,0.0,4095.0,4095.0,4095.0,4003.0,4030.0,4095.0,4095.0
4107691,0.0,4095.0,4095.0,791.0,4095.0,4095.0,4095.0,4095.0
4107791,117.0,3463.0,3927.0,4095.0,4095.0,4095.0,4095.0,4095.0
4107891,421.0,2473.0,1987.0,4095.0,4095.0,4095.0,4095.0,4095.0
4107991,406.0,2300.0,1872.0,4095.0,4095.0,4095.0,4095.0,3257.0
4108091,358.0,2401.0,1884.0,4095.0,4095.0,4095.0,4095.0,1783.0
4108191,383.0,2457.0,1991.0,4095.0,4095.0,4095.0,4095.0,1003.0
4108291,367.0,2543.0,2105.0,4095.0,4095.0,4095.0,4095.0,1189.0
4108391,423.0,2576.0,2191.0,4095.0,4095.0,4095.0,4095.0,4095.0
4108491,467.0,2762.0,2404.0,4095.0,4095.0,4095.0,4095.0,4095.0
4108591,496.0,2526.0,2030.0,4095.0,4095.0,4095.0,4095.0,4095.0
4108691,551.0,2507.0,1933.0,4095.0,4095.0,4095.0,4095.0,4095.0
4108791,483.0,3253.0,3786.0,4095.0,4095.0,4095.0,4095.0,4095.0
4108891,677.0,2910.0,3608.0,4095.0,4095.0,4095.0,4095.0,4095.0
4108991,623.0,2991.0,3693.0,4095.0,4095.0,4095.0,4095.0,4095.0
4109091,617.0,3091.0,3177.0,4095.0,4095.0,4095.0,4095.0,4095.0
4109191,468.0,2917.0,3123.0,4095.0,2859.0,2295.0,3700.0,4095.0
4109291,28.0,3587.0,4095.0,4095.0,2787.0,2231.0,3481.0,4095.0
4109391,0.0,3287.0,3942.0,4095.0,2751.0,2214.0,3419.0,4095.0
4109491,0.0,4095.0,4095.0,4095.0,2707.0,2316.0,3327.0,4095.0
4109591,0.0,4095.0,4095.0,4095.0,2683.0,2587.0,3431.0,4095.0
4109691,0.0,4095.0,4095.0,4095.0,2623.0,2261.0,3389.0,4095.0
4109791,0.0,4095.0,4095.0,4095.0,2698.0,2333.0,3507.0,4095.0
4109891,0.0,4095.0,4095.0,4095.0,2696.0,2341.0,3527.0,4095.0
4109991,0.0,4095.0,4095.0,4095.0,2726.0,2388.0,3669.0,4095.0
4110091,0.0,4095.0,4095.0,4095.0,3277.0,3055.0,4095.0,4095.0
4110191,0.0,4095.0,4095.0,4095.0,4095.0,4059.0,4095.0,4095.0
4110291,0.0,4095.0,4095.0,3960.0,4095.0,4095.0,4095.0,4095.0
4110391,73.0,3683.0,4068.0,4095.0,4095.0,4095.0,4095.0,4095.0
4110491,474.0,2914.0,2659.0,4095.0,4095.0,4095.0,4095.0,4095.0
4110591,436.0,2227.0,1689.0,4095.0,4095.0,4095.0,4095.0,3537.0
4110691,377.0,2272.0,1693.0,4095.0,4095.0,4095.0,4095.0,1671.0
4110791,353.0,2356.0,1715.0,4095.0,4095.0,4095.0,4095.0,1442.0
4110891,403.0,2366.0,1759.0,4095.0,4095.0,4095.0,4095.0,3261.0
4110991,421.0,2419.0,1792.0,4095.0,4095.0,4095.0,4095.0,4095.0
4111091,499.0,2672.0,2326.0,4095.0,4095.0,4095.0,4095.0,4095.0
4111191,556.0,2992.0,2764.0,4095.0,4095.0,4095.0,4095.0,4095.0
4111291,443.0,3354.0,3900.0,4095.0,4095.0,4095.0,4095.0,4095.0
4111391,482.0,3293.0,3871.0,4095.0,4095.0,4095.0,4095.0,4095.0
4111491,671.0,3129.0,3767.0,4095.0,4095.0,4095.0,4095.0,4095.0
4111591,719.0,3098.0,3215.0,4095.0,4095.0,4095.0,4095.0,4095.0
4111691,796.0,2742.0,3535.0,4095.0,3032.0,2431.0,3896.0,4095.0
4111791,0.0,4095.0,4095.0,4095.0,2827.0,2284.0,3684.0,4095.0
4111891,0.0,4095.0,4095.0,4095.0,2837.0,2269.0,3646.0,4095.0
4111991,0.0,4095.0,4095.0,4095.0,2841.0,2293.0,3563.0,4095.0
4112091,0.0,4095.0,4095.0,4095.0,2780.0,2213.0,3455.0,4095.0
4112191,0.0,4095.0,4095.0,4095.0,2771.0,2190.0,3400.0,4095.0
4112291,0.0,4095.0,4095.0,4095.0,2730.0,2191.0,3337.0,4095.0
